FileName,FileType,CreateDate,ModifyDate,Author,GPSLatitude,GPSLongitude,AnomalyScore,IsAnomaly,RiskScore
./( الكورس 3 ) ++C المستوى الأول.pdf,PDF,2022-12-03 15:32:40+00:00,2022-12-03 15:32:40+00:00,سليمان عمرون,,,0.010420524633895312,1,51.87861276394372
./-Harris_and_Harris--Digital_Design_and_Computer.pdf,PDF,2007-02-20 11:38:56+00:00,2010-02-10 20:17:44+00:00,"David Harris, Sarah Harris",,,-0.10277740915539813,-1,82.04398546781289
./01 - Programming Foundations - Level 1 (1).pdf,PDF,2023-12-23 08:57:19+00:00,2023-12-23 08:57:20+00:00,Ahmed Hanafi,,,0.045377126266283985,1,42.56325795663345
./01 - Programming Foundations - Level 1.docx,DOCX,2022-10-26 07:58:00+00:00,2023-04-13 09:42:00+00:00,,,,0.06447018225688383,1,37.47527506920408
./01 - Programming Foundations - Level 1.pdf,PDF,2023-12-23 08:57:19+00:00,2023-12-23 08:57:20+00:00,Ahmed Hanafi,,,0.045377126266283985,1,42.56325795663345
./01. Bolum - Yapay Sinir Aglari.pdf,PDF,2024-05-25 15:51:40+00:00,2024-05-25 15:51:41+00:00,,,,0.09098540526267102,1,30.409407720559713
./02 - Algorithms & Problem-Solving Level 1.docx,DOCX,2022-10-26 07:58:00+00:00,2023-04-15 11:45:00+00:00,,,,0.06907594739282252,1,36.24791501711435
./02 - Algorithms & Problem-Solving Level 1.pdf,PDF,2023-12-23 09:00:39+00:00,2023-12-23 09:00:42+00:00,Ahmed Hanafi,,,0.045377126266283985,1,42.56325795663345
./02-hafta-pdf.pdf,PDF,,2020-10-24 14:25:14+00:00,,,,0.05446412315634197,1,40.141723934133246
./02. Bolum - Yapay Sinir Aglari.pdf,PDF,2024-05-25 15:52:24+00:00,2024-05-25 15:52:24+00:00,,,,0.09098540526267102,1,30.409407720559713
./03 - Programming Using C++ - Level 1.docx,DOCX,2022-10-26 07:58:00+00:00,2023-04-22 13:48:00+00:00,,,,0.06771889985573587,1,36.609545687946955
./03 - Programming Using C++ - Level 1.pdf,PDF,2023-12-23 09:02:46+00:00,2023-12-23 09:02:50+00:00,Ahmed Hanafi,,,0.045377126266283985,1,42.56325795663345
./03-hafta-PDF.pdf,PDF,,2021-10-12 22:05:53+00:00,,,,0.08656977333853516,1,31.586100423825812
./04 - Algorithms & Problem-Solving Level 1 Solu.docx,DOCX,2022-10-26 07:58:00+00:00,2023-04-24 14:16:00+00:00,,,,0.06396398852729446,1,37.61016730621124
./04-hafta-pdf.pdf,PDF,2021-10-26 19:34:27+00:00,2021-10-26 19:34:27+00:00,tekinonlayn@hotmail.com,,,0.029422268564735954,1,46.81496302662399
./06-hafta-pdf.pdf,PDF,,2020-11-01 03:24:04+00:00,,,,0.015103012555526929,1,50.630807361414874
./1 Temel Kavramlar ve İlkeler (1).pdf,PDF,2024-10-24 20:01:08+00:00,2024-10-24 20:01:08+00:00,,,,0.0888844914616807,1,30.96926641854214
./1. haftanın ödevi.pdf,PDF,,,CamScanner,,,0.2000254666616469,1,1.3520390774583002
./10-fonksyon.pdf,PDF,2018-02-19 11:55:40+00:00,2018-02-19 11:55:40+00:00,pau,,,0.02216977842654666,1,48.747631413105694
./10_hafta-algoritma-analizi__minumumkapsayanagac.pdf,PDF,2016-04-26 06:07:23+00:00,2016-04-26 06:07:23+00:00,ERKAN TANYILDIZI,,,-0.016656392821623234,-1,59.09416237139487
./10_hafta_algorithmalar.pptx,PPTX,2019-09-22 14:51:17+00:00,2021-12-09 05:51:42+00:00,,,,0.049054130783805605,1,41.58339721190188
./10_Hafta_VeriYapilari.pptx,PPTX,2019-09-22 14:51:17+00:00,2022-05-09 05:53:15+00:00,,,,0.06304213817691817,1,37.85582514169836
./11-structure.pdf,PDF,2018-02-19 11:55:53+00:00,2018-02-19 11:55:53+00:00,pau,,,0.02216977842654666,1,48.747631413105694
./11_hafta_algorithmalar.pptx,PPTX,2019-09-22 14:51:17+00:00,2021-12-15 12:10:12+00:00,,,,0.061342289533575456,1,38.308806624223
./11_Hafta_AlgorithmalarII.pptx,PPTX,2019-09-22 14:51:17+00:00,2024-05-23 09:59:14+00:00,,,,0.078466784240462,1,33.74541268312683
./11_Hafta_VeriYapilari2 (1).pptx,PPTX,2019-09-22 14:51:17+00:00,2024-05-16 09:57:41+00:00,,,,0.07176370067781618,1,35.5316733255584
./127_0_0_1 (1).pdf,PDF,2024-05-25 14:53:14+00:00,2024-05-25 14:53:14+00:00,phpMyAdmin 5.2.1,,,0.13738357998379397,1,18.045063369123383
./12_HaftaYarisma.docx,DOCX,2023-12-20 06:18:00+00:00,2023-12-20 06:18:00+00:00,,,,0.07480612351967664,1,34.720918076983665
./12_hafta_algorithmalar.pptx,PPTX,2019-09-22 14:51:17+00:00,2023-01-13 10:26:58+00:00,,,,0.025131540624829807,1,47.95837088881252
./1_acik-kaynak-isletim-sistemi-kavramlari.pdf,PDF,2022-03-13 09:12:12+00:00,2022-03-13 09:12:12+00:00,,,,0.021992831629983445,1,48.79478480087883
./1_hafta_algorithmalar.pptx,PPTX,2019-09-22 14:51:17+00:00,2022-11-04 08:56:43+00:00,,,,0.05767804276348665,1,39.28526764076792
./1_Hafta_VeriYapilari.pptx,PPTX,2019-09-22 14:51:17+00:00,2024-02-22 08:01:32+00:00,,,,0.04682646844240679,1,42.17703229460359
./2 Kriptografik Yapı Taşları.pdf,PDF,2024-11-01 18:05:31+00:00,2024-11-01 18:05:31+00:00,,,,-0.022070080347411425,-1,60.536820346245065
./2.haftanın_ödevi.docx,DOCX,,,,,,0.18685010071407726,1,4.863055674793893
./20210422165423953.pdf,PDF,2021-04-22 14:54:24+00:00,,,,,0.1043669033378315,1,26.843460328580882
./2022-2023-güz-dönemi̇-bi̇lgi̇sayar-mühendi̇s(1).pdf,PDF,2023-01-30 09:38:23+00:00,2023-01-30 09:38:23+00:00,,,,-0.014134581659485779,-1,58.42214150451004
./2022-2023-güz-dönemi̇-bi̇lgi̇sayar-mühendi̇s.pdf,PDF,2023-01-30 09:38:23+00:00,2023-01-30 09:38:23+00:00,,,,-0.014134581659485779,-1,58.42214150451004
./22 (1).pdf,PDF,,2023-08-29 11:57:59+00:00,,,,0.10109319074680961,1,27.715850460872005
./22 (2).pdf,PDF,,2023-08-29 11:57:59+00:00,,,,0.10109319074680961,1,27.715850460872005
./2_hafta_algorithmalar2.pptx,PPTX,2019-09-22 14:51:17+00:00,2021-09-28 08:34:13+00:00,,,,0.05049911275975083,1,41.198333470933825
./2_hafta_algoritmalar_lab_sorular.docx,DOCX,2021-09-28 08:55:00+00:00,2021-09-29 07:42:00+00:00,,,,0.038222872892120674,1,44.46974787411957
./2_Hafta_Lab_Uygulama.docx,DOCX,2022-02-26 11:15:00+00:00,2022-02-26 12:57:00+00:00,,,,0.016309855151241837,1,50.30920381728651
./2_Hafta_VeriYapilari.pptx,PPTX,2019-09-22 14:51:17+00:00,2022-02-26 10:23:16+00:00,,,,0.04504879443743359,1,42.65075294577566
./2_Hafta_VeriYapilari_Lab.pptx,PPTX,2019-09-22 14:51:17+00:00,2022-02-26 11:09:45+00:00,,,,0.04504879443743359,1,42.65075294577566
./2_linux-isletim-sistemlerinin-incelenmesi.pdf,PDF,2022-03-07 21:22:54+00:00,2022-03-07 21:22:54+00:00,,,,-3.6091378264879737e-05,-1,54.66512757626526
"./3 Kullanıcı Kimlik Doğrulaması-Parolalar, Biyom.pdf",PDF,2024-11-06 19:29:29+00:00,2024-11-06 19:29:29+00:00,,,,0.04157449185331308,1,43.57659698574808
./3_hafta_algorithmalar.pptx,PPTX,2019-09-22 14:51:17+00:00,2021-10-07 05:38:52+00:00,,,,0.05656160043751346,1,39.58278101171021
./3_hafta_algoritmalar_lab_sorular.docx,DOCX,2021-09-28 08:55:00+00:00,2021-10-05 11:51:00+00:00,,,,0.04459980156404608,1,42.77040210290891
./3_hafta_algoritmalar_odev.docx,DOCX,2021-09-28 08:55:00+00:00,2021-10-07 11:30:00+00:00,,,,0.04984541160196543,1,41.37253399210458
./3_Hafta_Lab_Uygulama.docx,DOCX,2022-02-26 11:15:00+00:00,2022-03-06 16:26:00+00:00,,,,0.009060181581499238,1,52.24112163497161
./3_Hafta_VeriYapilari.pptx,PPTX,2019-09-22 14:51:17+00:00,2022-03-06 13:15:04+00:00,,,,0.053459481687506805,1,40.409444230137815
./3_Hafta_VeriYapilari_Lab.pptx,PPTX,2019-09-22 14:51:17+00:00,2022-03-06 15:17:49+00:00,,,,0.053459481687506805,1,40.409444230137815
./3_sanallastirma-ve-isletim-sistemi-kurulumu.pdf,PDF,2023-03-28 07:26:20+00:00,2023-03-28 07:26:20+00:00,,,,0.043606981910616294,1,43.034972081095816
./4 Kimlik Doğrulama Protokolleri ve Anahtar Kuru.pdf,PDF,2024-11-21 19:26:44+00:00,2024-11-21 19:26:44+00:00,,,,0.10051851278889234,1,27.868992609363353
./4_5906622420562742721.pdf,PDF,2018-02-26 05:45:01+00:00,2020-01-12 17:59:47+00:00,,,,-0.04330646462782539,-1,66.19596468976016
./4_hafta_algorithmalar.pptx,PPTX,2019-09-22 14:51:17+00:00,2021-10-13 11:35:12+00:00,,,,0.07776586718991763,1,33.93219545694958
./4_hafta_algoritmalar_lab_sorular.docx,DOCX,2021-09-28 08:55:00+00:00,2021-10-13 12:06:00+00:00,,,,0.07208628133030426,1,35.445710929570915
./4_Hafta_Lab_Uygulama.docx,DOCX,2022-02-26 11:15:00+00:00,2022-03-13 19:16:00+00:00,,,,0.03348114609425967,1,45.73333945507234
./4_Hafta_VeriYapilari.pptx,PPTX,2019-09-22 14:51:17+00:00,2022-03-13 18:33:36+00:00,,,,0.07202514974379498,1,35.46200148390616
./4_temel-masaustu-kavramlari-ve-islemleri.pdf,PDF,2023-03-28 08:05:34+00:00,2023-03-28 08:05:34+00:00,,,,0.043606981910616294,1,43.034972081095816
./5 İşletim Sistemi Güvenliği ve Erişim Kontrolü.pdf,PDF,2024-12-07 19:02:03+00:00,2024-12-07 19:02:03+00:00,,,,0.019489812404490547,1,49.46179792818987
./567997400.jpg,JPEG,,,,,,0.18685010071407726,1,4.863055674793893
./5_hafta_algorithmalar.pptx,PPTX,2019-09-22 14:51:17+00:00,2021-10-20 09:32:28+00:00,,,,0.07484435709218024,1,34.71072946376641
./5_hafta_algoritmalar_lab_sorular.docx,DOCX,2021-09-28 08:55:00+00:00,2021-10-21 08:05:00+00:00,,,,0.07107402309632382,1,35.71546096721223
./5_Hafta_VeriYapilari.pptx,PPTX,2019-09-22 14:51:17+00:00,2022-03-21 05:56:33+00:00,,,,0.06926070717944899,1,36.19867959701695
./5_linux_dosya_sistemi.pdf,PDF,2022-03-29 16:27:23+00:00,2022-03-29 16:27:23+00:00,,,,0.01738118982538772,1,50.023710887739355
./6 Yazılım Güvenliği-İstismarlar ve Ayrıcalık Ar.pdf,PDF,2024-12-11 20:12:17+00:00,2024-12-11 20:12:17+00:00,,,,0.04768169633908659,1,41.949128238526804
./6_hafta_algorithmalar.pptx,PPTX,2019-09-22 14:51:17+00:00,2021-10-28 05:42:17+00:00,,,,0.05889559709811687,1,38.96080959580309
./6_Hafta_Lab_Uygulama.docx,DOCX,2022-02-26 11:15:00+00:00,2022-03-27 18:49:00+00:00,,,,0.030682240918781134,1,46.479201282711855
./6_Hafta_VeriYapilar2i.pptx,PPTX,2019-09-22 14:51:17+00:00,2024-03-21 11:45:47+00:00,,,,0.057301097382642,1,39.38571733557724
./6_komut-satiri-ve-temel-komutlar.pdf,PDF,2023-04-11 08:01:47+00:00,2023-04-11 08:01:47+00:00,,,,0.04959508506168531,1,41.43924186505282
./7 Kötü Amaçlı Yazılım (1).pdf,PDF,2024-12-25 20:37:47+00:00,2024-12-25 20:37:47+00:00,,,,0.0772958980752701,1,34.05743443462419
./7 Kötü Amaçlı Yazılım.pdf,PDF,2024-12-25 20:37:47+00:00,2024-12-25 20:37:47+00:00,,,,0.0772958980752701,1,34.05743443462419
./7-dongu.pdf,PDF,2018-02-19 11:56:07+00:00,2018-02-19 11:56:07+00:00,pau,,,0.02216977842654666,1,48.747631413105694
./7__hafta_-_python_da_dosya_islemleri.docx,DOCX,2022-12-27 07:04:00+00:00,2022-12-27 08:06:00+00:00,,,,0.033761896276222725,1,45.658524185993684
./8 - Algorithms & Problem Solving Level 4.pdf,PDF,2024-06-07 15:48:50+00:00,2024-06-07 15:48:50+00:00,Ahmad AbdulRahim,,,0.024426659325318623,1,48.14621006926365
./8 Açık Anahtar Sertifika Yönetimi ve Kullanım Ö.pdf,PDF,2025-01-12 21:00:29+00:00,2025-01-12 21:00:29+00:00,,,,0.003185592102960988,1,53.80660233917061
./8-9_hafta_algorithmalar1.pptx,PPTX,2019-09-22 14:51:17+00:00,2021-11-25 05:56:43+00:00,,,,0.06654865060985504,1,36.921397711007074
./8-diziler.pdf,PDF,2018-02-19 11:56:34+00:00,2018-02-19 11:56:34+00:00,pau,,,0.02216977842654666,1,48.747631413105694
./8_Hafta_VeriYapilari.pptx,PPTX,2019-09-22 14:51:17+00:00,2024-03-29 06:35:50+00:00,,,,0.037045973908380714,1,44.78337194207652
./9-pointers.pdf,PDF,2018-02-19 11:56:22+00:00,2018-02-19 11:56:22+00:00,pau,,,0.02216977842654666,1,48.747631413105694
./9. unite_bagintilar_isaretli (2).pdf,PDF,,,CamScanner,,,0.2000254666616469,1,1.3520390774583002
./99151677926_Ogrenci.pdf,PDF,2022-03-31 14:15:24+00:00,2022-03-31 14:15:24+00:00,YÖK,,,-0.04425529402681638,-1,66.44881199443118
./99151677926_SinavSonucu.pdf,PDF,,,CamScanner,,,0.2000254666616469,1,1.3520390774583002
./9_hafta_algoritmalar_lab_sorular.docx,DOCX,2021-09-28 08:55:00+00:00,2021-12-01 09:21:00+00:00,,,,0.007800394929601162,1,52.57683389234021
./9_Hafta_VeriYapilari (1).pptx,PPTX,2019-09-22 14:51:17+00:00,2022-04-17 22:19:59+00:00,,,,0.08334478193848444,1,32.44550716644697
./9_Hafta_VeriYapilari (3).pptx,PPTX,2019-09-22 14:51:17+00:00,2022-04-17 22:19:59+00:00,,,,0.08334478193848444,1,32.44550716644697
./Abdulaziz Khalaf Alabdullah .pdf,PDF,2025-05-27 09:30:19+00:00,2025-05-27 09:30:18+00:00,Said,,,0.2033134830143078,1,0.4758372298251601
./Abdulaziz Khalaf Alabdullah.pdf,PDF,2025-05-25 12:58:00+00:00,2025-05-25 12:57:59+00:00,Said,,,0.19720054134313075,1,2.1048348418426177
./Abdulkadir Ahmed Osman(1).pdf,PDF,2025-05-26 18:36:08+00:00,2025-05-26 18:36:07+00:00,Said,,,0.2050990996471605,1,0.0
./Abdulkadir Ahmed Osman.pdf,PDF,2025-05-26 19:08:09+00:00,2025-05-26 19:08:08+00:00,Said,,,0.2050990996471605,1,0.0
./Ahmed Hasan Hicazi(1).pdf,PDF,2025-05-25 16:14:19+00:00,2025-05-25 16:14:18+00:00,Said,,,0.19720054134313075,1,2.1048348418426177
./Ahmed Hasan Hicazi.pdf,PDF,2025-05-27 09:51:28+00:00,2025-05-27 09:51:28+00:00,Said,,,0.2033134830143078,1,0.4758372298251601
./Ahmed İbrahim Abdulrahim(1).pdf,PDF,2025-05-26 16:18:56+00:00,2025-05-26 16:18:55+00:00,Said,,,0.2050990996471605,1,0.0
./Ahmed İbrahim Abdulrahim.pdf,PDF,2025-05-27 09:46:58+00:00,2025-05-27 09:46:57+00:00,Said,,,0.2033134830143078,1,0.4758372298251601
./ahmedtekirdağ.pdf,PDF,,,CamScanner,,,0.2000254666616469,1,1.3520390774583002
./ahmedtrakya.pdf,PDF,,,CamScanner,,,0.2000254666616469,1,1.3520390774583002
./Algoritmalar_final_projesi.pdf,PDF,2023-01-20 22:53:24+00:00,2023-01-20 22:53:24+00:00,EMCET Hİ,,,0.09446012456605901,1,29.48345263181108
./algoritma_odevi_4labtxt.docx,DOCX,2022-12-01 21:20:00+00:00,2022-12-01 21:20:00+00:00,,,,-0.04496304117014116,-1,66.63741487474726
./Algoritmik Önyargılar ve Sağlık-Teknolojideki .pptx,PPTX,2025-01-10 12:06:41+00:00,2025-01-13 04:38:05+00:00,,,,-0.00719300363397557,-1,56.57232604160352
./Algoritmik Önyargılar ve Sağlık-Teknolojideki E.pdf,PDF,2025-01-13 07:06:16+00:00,2025-01-13 07:06:16+00:00,asus,,,0.003964792249429694,1,53.59895841809967
./Ali Nafi Acuz(1).pdf,PDF,2025-05-25 14:00:06+00:00,2025-05-25 14:00:06+00:00,Said,,,0.19720054134313075,1,2.1048348418426177
./Ali Nafi Acuz.pdf,PDF,2025-05-27 09:40:16+00:00,2025-05-27 09:40:16+00:00,Said,,,0.2033134830143078,1,0.4758372298251601
./Amir Musa  El yusuf.pdf,PDF,2025-05-26 18:34:23+00:00,2025-05-26 18:34:23+00:00,Said,,,0.2050990996471605,1,0.0
./Ammar Ali Ali.pdf,PDF,2025-05-27 09:32:57+00:00,2025-05-27 09:32:57+00:00,Said,,,0.2033134830143078,1,0.4758372298251601
./applicationResult.pdf,PDF,2021-07-12 18:27:15+00:00,,,,,0.07780012149745835,1,33.92306725187472
./APznzaa1Ca_p4qYHx5bJjJsZXG050YCSGadW6nSfSoBAWx8.pdf,PDF,2018-12-12 07:51:04+00:00,2018-12-12 07:51:04+00:00,aliseydi,,,-0.03551624105708273,-1,64.1199992583121
./APznzaa41OI-UD_G0KsRozZKyaHelLEJUl3vwnbbbLDAYZ8.pdf,PDF,,2023-11-15 20:18:52+00:00,,,,0.12181904714873654,1,22.19275333319165
./APznzaaEEoDzCW-TzMXIsRFLeeYwqDIHHy775EoNt-LeLg4.pdf,PDF,2020-10-25 18:24:56+00:00,2020-10-25 18:24:56+00:00,,,,0.044295214413056616,1,42.85156952905213
./APznzaaO9whObmcuxwPfMIheaIIo3W5elD9sA0O7IAt6rWa.pdf,PDF,,2023-11-13 20:17:11+00:00,,,,0.11470781138293051,1,24.087779771217612
./APznzaaun5sr1acKIsz3d4G4wF_aHDH0kTtpbVz0I6WYJ_A.pdf,PDF,2021-12-15 19:06:34+00:00,2021-12-15 19:06:34+00:00,tugba,,,0.02001368863542774,1,49.322193597722716
./APznzabIH8tyWUOIb1BbHdo7ExqencWDVWiwbpEOsimY3nf.pdf,PDF,,2023-11-13 20:14:38+00:00,,,,0.11470781138293051,1,24.087779771217612
./APznzaYN9wFRo0NdgQQyuBXbqG41PtoH0ZyZVUCmzszvXQC.pdf,PDF,2018-11-13 11:33:36+00:00,2019-12-02 23:34:02+00:00,bjkbauer,,,0.0005335369771274356,1,54.51333106313203
./arasınav.pdf,PDF,2025-04-28 14:32:10+00:00,2025-04-28 14:32:10+00:00,Fesih KESKİN,,,0.09914237223810846,1,28.2357112518129
./Artificial-Intelligence-High-Technology-PowerP.pptx,PPTX,2018-04-24 17:14:44+00:00,2025-01-05 06:01:27+00:00,,,,-0.035231143964475464,-1,64.04402560961198
./ascii-table-characters.pdf,PDF,2008-11-21 22:53:07+00:00,2008-11-21 22:53:07+00:00,Pedro,,,-0.11282282413694467,-1,84.72092202256866
./asp .net 01.docx,DOCX,2024-10-16 02:28:00+00:00,2024-10-16 02:28:00+00:00,,,,0.10431218377623425,1,26.858042184578757
./Assignment1 (1).pdf,PDF,2024-11-21 17:49:58+00:00,2024-11-21 17:49:58+00:00,,,,0.10051851278889234,1,27.868992609363353
./Assignment1 (3).pdf,PDF,2025-04-22 04:55:43+00:00,2025-04-22 04:55:43+00:00,,,,0.04879544461734653,1,41.65233278663683
./Assignment1.pdf,PDF,2024-11-12 20:15:32+00:00,2024-11-12 20:15:32+00:00,,,,0.07888886520261479,1,33.63293510417873
./ayrık matematik 10_240224_101222 (1).pdf,PDF,,2024-02-29 07:44:57+00:00,,,,0.051887669911054424,1,40.82830601029428
./ayrık matematik.pdf,PDF,2013-10-08 07:15:31+00:00,2013-10-08 07:15:31+00:00,mühendislik-13,,,-0.09152490754494569,-1,79.04538033812905
./Bedia hüseyin EL HEŞHEŞ(1).pdf,PDF,2025-05-26 18:02:01+00:00,2025-05-26 18:02:00+00:00,Said,,,0.2050990996471605,1,0.0
./Bedia hüseyin EL HEŞHEŞ.pdf,PDF,2025-05-27 09:49:52+00:00,2025-05-27 09:49:52+00:00,Said,,,0.2033134830143078,1,0.4758372298251601
./Bekri Mustafa Cico(1).pdf,PDF,2025-05-25 14:04:32+00:00,2025-05-25 14:04:32+00:00,Said,,,0.19720054134313075,1,2.1048348418426177
./Bekri Mustafa Cico.pdf,PDF,2025-05-27 09:45:43+00:00,2025-05-27 09:45:43+00:00,Said,,,0.2033134830143078,1,0.4758372298251601
./belge(1).pdf,PDF,2021-04-08 11:45:48+00:00,2021-04-08 11:45:48+00:00,,,,0.004159843641166949,1,53.546980455859526
./berber excel.xlsx,XLSX,,,,,,0.18685010071407726,1,4.863055674793893
./Big Data Algoritm PowerPoint Templates.pptx,PPTX,2020-01-20 05:08:25+00:00,2022-08-11 02:47:11+00:00,,,,0.009527698256801775,1,52.11653619172469
./bilgisayar müh. giriş.pdf,PDF,,,CamScanner,,,0.2000254666616469,1,1.3520390774583002
./bilgisayar müh. giriş_özet.pdf,PDF,2023-01-28 18:50:05+00:00,,CamScanner,,,0.06429862123600494,1,37.520993237045396
./bilgisayar yapısı düzlemsel Graf .. n-kü.pdf,PDF,2024-05-31 12:34:36+00:00,2024-05-31 12:34:36+00:00,CamScanner,,,0.036112817766471794,1,45.03204258357414
./bilgisayar-muhendisligi-bolumu-staj-defteri (1.docx,DOCX,2023-08-14 16:33:00+00:00,2023-08-14 16:33:00+00:00,,,,0.07140487382872734,1,35.62729473203273
./bm02_2.pdf,PDF,2019-02-21 10:55:05+00:00,2019-02-21 10:55:11+00:00,Feza Buzluca,,,0.01131184250443662,1,51.641091328150154
./bmg_mazeret_060323_docx (1).pdf,PDF,,,,,,0.18685010071407726,1,4.863055674793893
./brain_tumor.pdf,PDF,2025-01-21 00:57:40+00:00,2025-01-21 00:57:40+00:00,Allppt.com,,,0.032452708639919225,1,46.00740098671253
./brain_tumor.pptx,PPTX,2020-01-20 05:08:25+00:00,2025-01-21 01:00:18+00:00,,,,-0.007262197274690463,-1,56.59076499972785
./BULANIK_NAMTIK_FİNAL_PROJESİ2_2101050031.pdf,PDF,2024-01-06 14:41:58+00:00,2024-01-06 14:41:58+00:00,MUHAMMED,,,-0.007578999466711811,-1,56.67518753179911
./but_odevi_2022guz.docx,DOCX,2022-12-21 09:42:00+00:00,2023-02-03 08:47:00+00:00,,,,0.002771773896212304,1,53.91687803078753
./by_final_online_190623-1.pdf,PDF,2023-06-19 08:57:08+00:00,2023-06-19 08:57:08+00:00,teking,,,0.14108734910603088,1,17.058070300951968
./by_vize_online_250423-PDF-1.pdf,PDF,2023-04-25 05:09:53+00:00,2023-04-25 05:09:53+00:00,teking,,,0.0819584416705012,1,32.814943864434234
./CamScanner ٠٤-٠٥-٢٠٢٢ ١٣.٠٣.pdf,PDF,,,CamScanner,,,0.2000254666616469,1,1.3520390774583002
./CamScanner ٠٦-١٤-٢٠٢٢ ١٩.٥٢.pdf,PDF,,,CamScanner,,,0.2000254666616469,1,1.3520390774583002
./CamScanner ٢١-٠٢-٢٠٢٤ ١٢.٢٧ (1).pdf,PDF,,,CamScanner,,,0.2000254666616469,1,1.3520390774583002
./Certificate for محمد عادل نجار for -إجازة الدكت.pdf,PDF,,,,,,0.18685010071407726,1,4.863055674793893
./Copy of Mezuniyet Plaka  (11 x 14.5 cm).pdf,PDF,2025-05-27 21:25:04+00:00,2025-05-27 21:25:03+00:00,Said,,,0.2033134830143078,1,0.4758372298251601
./cv (1).pdf,PDF,,2022-11-25 17:45:03+00:00,,,,0.09372031434742117,1,29.680599790140672
./Dark Green and Ivory Modern Professional Compan.pdf,PDF,2023-01-21 19:04:15+00:00,,luaay alswilem,,,0.11194490978370852,1,24.82404724266972
./database 1.pdf,PDF,2025-04-16 16:31:05+00:00,2025-04-16 16:31:05+00:00,MUHAMMED NECCAR,,,0.05329391967642971,1,40.453563761321476
./databse2.pdf,PDF,2025-04-16 16:31:33+00:00,2025-04-16 16:31:33+00:00,MUHAMMED NECCAR,,,0.05329391967642971,1,40.453563761321476
./denklikhamvi.pdf,PDF,,,CamScanner,,,0.2000254666616469,1,1.3520390774583002
./Ders.pptx,PPTX,2024-12-16 07:08:48+00:00,2024-12-16 09:55:12+00:00,,,,0.07747133972057318,1,34.01068214470874
./ders03-PDF_24.pdf,PDF,2021-10-26 19:34:27+00:00,2024-12-13 11:40:45+00:00,tekinonlayn@hotmail.com,,,0.025543123417051228,1,47.84869089810731
./DERİN ÖĞRENME FİNAL PROJESİ.pptx,PPTX,2025-01-20 21:01:18+00:00,2025-01-20 21:49:08+00:00,,,,-0.007453852976898712,-1,56.64183806700394
./diplomakashfa.pdf,PDF,,,CamScanner,,,0.2000254666616469,1,1.3520390774583002
./diplomammm.pdf,PDF,,,CamScanner,,,0.2000254666616469,1,1.3520390774583002
./diplomammmm.pdf,PDF,,,CamScanner,,,0.2000254666616469,1,1.3520390774583002
./Diplomaشهادة الثانوية.pdf,PDF,2021-04-22 14:54:24+00:00,,,,,0.1043669033378315,1,26.843460328580882
./doyaokuma.pdf,PDF,2014-03-10 11:25:16+00:00,2014-03-10 11:25:16+00:00,ilhan,,,-0.09408320833797479,-1,79.72712508670348
./Ebubekir Ömer El amir(1).pdf,PDF,2025-05-26 18:00:49+00:00,2025-05-26 18:00:48+00:00,Said,,,0.2050990996471605,1,0.0
./Ebubekir Ömer El amir.pdf,PDF,2025-05-27 09:35:42+00:00,2025-05-27 09:35:42+00:00,Said,,,0.2033134830143078,1,0.4758372298251601
./Ece Abdülrahman Hüseyin(1).pdf,PDF,2025-05-25 16:04:03+00:00,2025-05-25 16:04:02+00:00,Said,,,0.19720054134313075,1,2.1048348418426177
./Ece Abdülrahman Hüseyin(2).pdf,PDF,2025-05-25 15:58:42+00:00,2025-05-25 15:58:41+00:00,Said,,,0.19720054134313075,1,2.1048348418426177
./Ece Abdülrahman Hüseyin.pdf,PDF,2025-05-27 09:43:56+00:00,2025-05-27 09:43:55+00:00,Said,,,0.2033134830143078,1,0.4758372298251601
./eclipse_javakurulum.docx,DOCX,2021-09-22 09:29:00+00:00,2021-09-22 11:36:00+00:00,,,,0.08263809918732018,1,32.633826403898304
./Fatema Cuma Elahmet.pdf,PDF,2025-05-25 15:54:26+00:00,2025-05-25 15:54:25+00:00,Said,,,0.19720054134313075,1,2.1048348418426177
./Fatma Cuma Elahmet (1)(1).pdf,PDF,2025-05-26 19:42:35+00:00,2025-05-26 19:42:35+00:00,Said,,,0.2050990996471605,1,0.0
./Fatma Cuma Elahmet (1).pdf,PDF,2025-05-26 19:42:35+00:00,2025-05-26 19:42:35+00:00,Said,,,0.2050990996471605,1,0.0
./Fatma Cuma Elahmet(1).pdf,PDF,2025-05-27 09:42:12+00:00,2025-05-27 09:42:12+00:00,Said,,,0.2033134830143078,1,0.4758372298251601
./Fatma Cuma Elahmet(2).pdf,PDF,2025-05-26 19:29:57+00:00,2025-05-26 19:29:56+00:00,Said,,,0.2050990996471605,1,0.0
./Fatma Cuma Elahmet.pdf,PDF,2025-05-28 00:34:01+00:00,2025-05-28 00:34:00+00:00,محمد نجار,,,0.15630736090269737,1,13.002189481975801
./fatmadiploma.pdf,PDF,,,CamScanner,,,0.2000254666616469,1,1.3520390774583002
./fatmakimlik.pdf,PDF,,,CamScanner,,,0.2000254666616469,1,1.3520390774583002
./fatmatrakya.pdf,PDF,,,CamScanner,,,0.2000254666616469,1,1.3520390774583002
./fatmatranskript.pdf,PDF,,,CamScanner,,,0.2000254666616469,1,1.3520390774583002
./Fedi Muhammed Alnaffous(1).pdf,PDF,2025-05-26 16:20:51+00:00,2025-05-26 16:20:50+00:00,Said,,,0.2050990996471605,1,0.0
./Fedi Muhammed Alnaffous.pdf,PDF,2025-05-27 09:51:58+00:00,2025-05-27 09:51:58+00:00,Said,,,0.2033134830143078,1,0.4758372298251601
./FEDİ MOHAMMAD ALNAFFOUS.pdf,PDF,2025-05-28 00:16:12+00:00,2025-05-28 00:16:11+00:00,محمد نجار,,,0.15630736090269737,1,13.002189481975801
./Feras Almohamed.pdf,PDF,2025-05-26 16:08:35+00:00,2025-05-26 16:08:35+00:00,Said,,,0.2050990996471605,1,0.0
./FILE_ess52wghu516t_7892.pdf,PDF,2021-07-23 21:14:21+00:00,2021-07-23 21:14:21+00:00,,,,0.06250966422252979,1,37.997720622927964
./final (1).pdf,PDF,2025-06-10 04:45:54+00:00,2025-06-10 04:45:54+00:00,,,,0.0158928694890762,1,50.420323583260405
./final2.pdf,PDF,,,CamScanner,,,0.2000254666616469,1,1.3520390774583002
./FinalOdevi2023-2024__1_.docx,DOCX,2023-12-25 13:55:00+00:00,2023-12-26 08:25:00+00:00,,,,0.05365266099389032,1,40.35796514760809
./final_cevap_anahtarı_2021-2022_güz (1).pdf,PDF,2021-12-28 07:24:48+00:00,2021-12-28 07:24:48+00:00,mraciaydin@outlook.com,,,-0.0003711046335970192,-1,54.75440305479688
./final_cevap_anahtarı_2021-2022_güz.pdf,PDF,2021-12-28 07:24:48+00:00,2021-12-28 07:24:48+00:00,mraciaydin@outlook.com,,,-0.0003711046335970192,-1,54.75440305479688
./final_odevi_2022guz (1).docx,DOCX,2022-12-21 09:42:00+00:00,2022-12-21 09:47:00+00:00,,,,0.07440494563438704,1,34.827825332489205
./final_odevi_2022guz.docx,DOCX,2022-12-21 09:42:00+00:00,2022-12-21 09:47:00+00:00,,,,0.07440494563438704,1,34.827825332489205
./Floyd Warshall Algoritması(1).pdf,PDF,2022-01-19 20:39:48+00:00,2022-01-19 20:39:48+00:00,Ahmed,,,0.06957311600521277,1,36.115427824217946
./Fuad Mohamed Fuad Almohamed.pdf,PDF,2025-05-27 09:47:32+00:00,2025-05-27 09:47:32+00:00,Said,,,0.2033134830143078,1,0.4758372298251601
./Fuad Mohamed Fuad(1).pdf,PDF,2025-05-25 16:34:38+00:00,2025-05-25 16:34:37+00:00,Said,,,0.19720054134313075,1,2.1048348418426177
./Fuad Mohamed Fuad.pdf,PDF,2025-05-25 16:51:49+00:00,2025-05-25 16:51:49+00:00,Said,,,0.19720054134313075,1,2.1048348418426177
./gallery pages (2) (1).pdf,PDF,,,,,,0.18685010071407726,1,4.863055674793893
./ghadir trakya.pdf,PDF,,,CamScanner,,,0.2000254666616469,1,1.3520390774583002
./girişimcilik.pdf,PDF,,,CamScanner,,,0.2000254666616469,1,1.3520390774583002
./girişimcilik2.pdf,PDF,2024-04-29 19:28:21+00:00,2024-04-29 19:28:21+00:00,EMCET Hİ,,,0.056159861884398365,1,39.68983767589622
./graflar.pdf,PDF,2024-05-31 12:35:15+00:00,2024-05-31 12:35:15+00:00,CamScanner,,,0.036112817766471794,1,45.03204258357414
./Grape.pptx,PPTX,2018-04-24 17:14:44+00:00,2024-12-16 11:12:46+00:00,,,,-0.01100179887613495,-1,57.58730682955964
./Grup2_ödev3.docx,DOCX,2022-11-17 21:31:00+00:00,2022-11-17 21:31:00+00:00,,,,0.07941933233073112,1,33.491574408880474
./gruplisteleri.docx,DOCX,2022-11-07 09:10:00+00:00,2022-11-09 11:46:00+00:00,,,,0.04308956147380816,1,43.1728560494549
./Görüntü işleme arasınav çözümü.pdf,PDF,2025-05-03 21:03:38+00:00,2025-05-03 21:03:38+00:00,MUHAMMED,,,-0.022528936594082505,-1,60.65909792883855
./Görüntü işleme.docx,DOCX,2025-05-03 15:42:00+00:00,2025-05-03 21:05:00+00:00,,,,-0.02575121667366509,-1,61.51778214950456
./görüntü işleme.pptx,PPTX,2020-01-20 05:08:25+00:00,2025-05-18 19:46:58+00:00,,,,0.01228641108463202,1,51.381384958404965
./görüntüİşleme1.pdf,PDF,2024-10-17 10:31:00+00:00,2024-10-17 10:31:00+00:00,Fesih,,,0.06344144821550868,1,37.74941563637205
./görüntüİşleme2.pdf,PDF,2014-01-23 02:19:43+00:00,2025-03-18 14:33:40+00:00,emmanuel,,,-0.007724251090362122,-1,56.71389468144912
./görüntüİşleme3.pdf,PDF,2014-01-30 02:19:21+00:00,2024-11-19 15:50:39+00:00,emmanuel,,,-0.07144592951653161,-1,73.69466557272229
./görüntüİşleme4.pdf,PDF,2014-01-30 02:19:21+00:00,2024-12-05 18:43:10+00:00,emmanuel,,,-0.08054620850767613,-1,76.11973905496485
./görüntüİşleme5.pdf,PDF,2024-12-05 18:40:19+00:00,2024-12-05 18:57:30+00:00,emmanuel,,,-0.007119190795592756,-1,56.55265614388001
./görüntüİşleme56.pdf,PDF,2014-01-30 02:19:21+00:00,2024-12-05 18:43:10+00:00,emmanuel,,,-0.08054620850767613,-1,76.11973905496485
./görüntüİşleme8.pdf,PDF,2024-12-05 18:40:19+00:00,2024-12-05 18:57:30+00:00,emmanuel,,,-0.007119190795592756,-1,56.55265614388001
./gültekin ışık bu haftanın dökümanı.pdf1.pdf,PDF,2021-12-02 20:27:53+00:00,2021-12-02 20:27:53+00:00,muham,,,-0.026738218204864106,-1,61.78080169457265
./Hadice Abdülbasit Mirza (1).pdf,PDF,2025-05-25 16:04:54+00:00,2025-05-25 16:04:54+00:00,Said,,,0.19720054134313075,1,2.1048348418426177
./Hadice Abdülbasit Mirza(1).pdf,PDF,2025-05-25 16:04:54+00:00,2025-05-25 16:04:54+00:00,Said,,,0.19720054134313075,1,2.1048348418426177
./Hadice Abdülbasit Mirza(2).pdf,PDF,2025-05-25 15:57:33+00:00,2025-05-25 15:57:33+00:00,Said,,,0.19720054134313075,1,2.1048348418426177
./Hadice Abdülbasit Mirza.pdf,PDF,2025-05-27 09:43:23+00:00,2025-05-27 09:43:22+00:00,Said,,,0.2033134830143078,1,0.4758372298251601
./hafta06-PDF_24.pdf,PDF,,2024-12-23 11:11:32+00:00,,,,0.08426210406437712,1,32.201056027713605
./hafta07-PDF_24.pdf,PDF,2020-10-25 18:24:56+00:00,2020-10-25 18:24:56+00:00,,,,0.044295214413056616,1,42.85156952905213
./hafta6_dfs.docx,DOCX,2021-10-27 09:15:00+00:00,2021-10-27 09:15:00+00:00,,,,0.055338794119077606,1,39.90863862328927
./hafta7_bfs.docx,DOCX,2021-11-03 07:59:00+00:00,2021-11-03 11:09:00+00:00,,,,0.0041072641907660135,1,53.5609920077034
./hamvikimlik.pdf,PDF,,,CamScanner,,,0.2000254666616469,1,1.3520390774583002
./Hanen Elabo(1).pdf,PDF,2025-05-25 16:08:44+00:00,2025-05-25 16:08:44+00:00,Said,,,0.19720054134313075,1,2.1048348418426177
./Hanen Elabo.pdf,PDF,2025-05-27 10:22:49+00:00,2025-05-27 10:22:48+00:00,Said,,,0.2033134830143078,1,0.4758372298251601
./hardware 1tr.docx,DOCX,2024-09-12 04:00:00+00:00,2024-09-12 04:02:00+00:00,,,,0.04753068130971416,1,41.989371240253185
./harran dekont.pdf,PDF,,,CamScanner,,,0.2000254666616469,1,1.3520390774583002
./imagehub-staj-rapor.docx,DOCX,2024-09-08 21:54:00+00:00,2024-10-14 20:42:00+00:00,,,,0.042228466804207554,1,43.40232350325284
./images.jpg,JPEG,,,,,,0.18685010071407726,1,4.863055674793893
./inkilap final.pdf,PDF,,,CamScanner,,,0.2000254666616469,1,1.3520390774583002
./inkilap final2.pdf,PDF,,,CamScanner,,,0.2000254666616469,1,1.3520390774583002
./ishukuku.pdf,PDF,2023-09-18 10:32:49+00:00,2023-09-18 10:32:50+00:00,,,,0.08921940892205116,1,30.88001646777967
./ISINMA_SORULARI_Guz-211122.pdf,PDF,2022-11-21 13:01:06+00:00,2022-11-21 13:01:06+00:00,Gültekin IŞIK,,,0.05628159295484647,1,39.657398363739304
./Isletim_Sistemleri.pdf,PDF,2024-11-12 18:53:06+00:00,2024-11-12 18:53:06+00:00,,,,0.07888886520261479,1,33.63293510417873
./istatistikvizeodevi.pdf,PDF,,,CamScanner,,,0.2000254666616469,1,1.3520390774583002
./iu_km_odev1.docx,DOCX,2022-11-14 13:42:00+00:00,2022-11-14 15:46:00+00:00,,,,0.07160480213873394,1,35.57401715192575
./iu_km_odev1_ek_not.pdf,PDF,2022-11-14 15:34:56+00:00,,,,,0.07389881456266029,1,34.96270087221474
./Iş hukuk final soruları.pdf,PDF,2025-06-16 19:09:59+00:00,2025-06-16 19:09:59+00:00,MUHAMMED,,,0.06339251160510573,1,37.76245643174927
./işhukuk vize soruları.pdf,PDF,2025-06-16 19:21:27+00:00,2025-06-16 19:21:27+00:00,MUHAMMED NECCAR,,,0.06339251160510573,1,37.76245643174927
./işyeri.docx,DOCX,2023-06-09 07:54:00+00:00,2023-06-13 20:51:00+00:00,,,,0.07683630985003997,1,34.179907077368554
./kariyer vize ödevi muhammed neccar.pdf,PDF,2021-11-20 10:44:05+00:00,2021-11-20 10:44:05+00:00,LENOVO,,,0.0486718948566226,1,41.68525674960111
./khashfa trakya.pdf,PDF,,,CamScanner,,,0.2000254666616469,1,1.3520390774583002
./khashfatekirdağ.pdf,PDF,,,CamScanner,,,0.2000254666616469,1,1.3520390774583002
./kimlik.pdf.pdf,PDF,,,CamScanner,,,0.2000254666616469,1,1.3520390774583002
./kimlikkashfa.pdf,PDF,,,CamScanner,,,0.2000254666616469,1,1.3520390774583002
./kimlikmmmmm.pdf,PDF,,,CamScanner,,,0.2000254666616469,1,1.3520390774583002
./kimliknour.pdf,PDF,,,CamScanner,,,0.2000254666616469,1,1.3520390774583002
./Luaay Mohammad Alswilem(1).pdf,PDF,2025-05-27 09:06:27+00:00,2025-05-27 09:06:27+00:00,Said,,,0.2033134830143078,1,0.4758372298251601
./Luaay Mohammad Alswilem(2).pdf,PDF,2025-05-26 19:25:51+00:00,2025-05-26 19:25:50+00:00,Said,,,0.2050990996471605,1,0.0
./Luaay Mohammad Alswilem.pdf,PDF,2025-05-27 09:34:20+00:00,2025-05-27 09:34:19+00:00,Said,,,0.2033134830143078,1,0.4758372298251601
./luaay swilem.pdf,PDF,2025-05-28 00:04:12+00:00,2025-05-28 00:04:11+00:00,محمد نجار,,,0.15630736090269737,1,13.002189481975801
./Luuay Muhammed EL swilem.pdf,PDF,2025-05-25 13:00:05+00:00,2025-05-25 13:00:04+00:00,Said,,,0.19720054134313075,1,2.1048348418426177
./machine_learning-II.pdf,PDF,2024-05-15 20:33:21+00:00,2024-05-15 20:33:21+00:00,,,,0.07589068828380569,1,34.43189954779095
./mantas-syllabus.pdf,PDF,2021-09-28 13:04:35+00:00,2021-09-28 13:04:35+00:00,Gültekin IŞIK,,,0.020627866926886895,1,49.158525265198406
./mantas_mazeret_060323_docx.pdf,PDF,,,,,,0.18685010071407726,1,4.863055674793893
./MANTIKSAL SORULAR (1).docx,DOCX,2023-02-03 19:25:00+00:00,2023-02-03 20:30:00+00:00,,,,-0.038825124697785984,-1,65.00176189226036
./mantıksal soru çözüm.pdf,PDF,2023-02-04 16:27:22+00:00,2023-02-04 18:00:01+00:00,,,,-0.03485126611502376,-1,63.94279446053478
./matematik_A.pdf,PDF,,,CamScanner,,,0.2000254666616469,1,1.3520390774583002
./matematik_B.pdf,PDF,,,CamScanner,,,0.2000254666616469,1,1.3520390774583002
./matematik_C.pdf,PDF,,,CamScanner,,,0.2000254666616469,1,1.3520390774583002
./matematik_D.pdf,PDF,,,CamScanner,,,0.2000254666616469,1,1.3520390774583002
./MATLAB_1.pdf,PDF,2024-11-19 13:29:58+00:00,2024-11-19 13:29:58+00:00,,,,0.09576984929491161,1,29.13443270483208
./MATLAB_2.pdf,PDF,2024-12-17 16:15:48+00:00,2024-12-17 16:15:48+00:00,,,,0.08251785268457645,1,32.6658701033739
./Merva Abdullah El kasım (1).pdf,PDF,2025-05-26 19:35:08+00:00,2025-05-26 19:35:07+00:00,Said,,,0.2050990996471605,1,0.0
./Merva Abdullah El Kasım(1).pdf,PDF,2025-05-26 19:26:35+00:00,2025-05-26 19:26:34+00:00,Said,,,0.2050990996471605,1,0.0
./Merva Abdullah El kasım.pdf,PDF,2025-05-27 09:37:56+00:00,2025-05-27 09:37:55+00:00,Said,,,0.2033134830143078,1,0.4758372298251601
./mezun.pdf.pdf,PDF,,,CamScanner,,,0.2000254666616469,1,1.3520390774583002
./MEZÜN OLANLAR (1).pdf,PDF,2025-05-30 07:46:47+00:00,2025-05-30 07:46:47+00:00,MUHAMMED,,,0.09811527213135468,1,28.509416402492437
./MEZÜN OLANLAR.pdf,PDF,2025-05-30 07:46:47+00:00,2025-05-30 07:46:47+00:00,MUHAMMED,,,0.09811527213135468,1,28.509416402492437
./MEZÜNLER.pdf,PDF,2025-05-30 07:56:01+00:00,2025-05-30 07:56:01+00:00,MUHAMMED,,,0.09811527213135468,1,28.509416402492437
./mikroislemci1_hafta_1_2-siirt-2018331457100.pdf,PDF,2007-09-29 10:48:28+00:00,2007-09-29 10:48:56+00:00,COMU,,,-0.14663980491732365,-1,93.7325867660129
./mit563-lecture-1.pdf,PDF,2024-04-14 14:19:58+00:00,2024-04-14 14:19:58+00:00,,,,0.06526311372123605,1,37.26397197956173
./mit563-lecture-2.pdf,PDF,2024-04-14 14:19:55+00:00,2024-04-14 14:19:55+00:00,,,,0.06526311372123605,1,37.26397197956173
./mit563-lecture-3.pdf,PDF,2024-04-14 14:19:51+00:00,2024-04-14 14:19:51+00:00,,,,0.06526311372123605,1,37.26397197956173
./mobilenet (2).pptx,PPTX,2024-12-08 13:29:01+00:00,2024-12-09 10:04:25+00:00,,,,0.027000168394487822,1,47.46041256722816
./Mohammad Matar Khamis(1).pdf,PDF,2025-05-26 19:36:15+00:00,2025-05-26 19:36:14+00:00,Said,,,0.2050990996471605,1,0.0
./Mohammad Matar Khamis.pdf,PDF,2025-05-27 09:48:37+00:00,2025-05-27 09:48:36+00:00,Said,,,0.2033134830143078,1,0.4758372298251601
./Muhammed Adil Neccar(1).pdf,PDF,2025-05-27 09:31:42+00:00,2025-05-27 09:31:42+00:00,Said,,,0.2033134830143078,1,0.4758372298251601
./Muhammed Adil Neccar.pdf,PDF,2025-05-27 09:55:45+00:00,2025-05-27 09:55:45+00:00,Said,,,0.2033134830143078,1,0.4758372298251601
./Muhammed Halid Yahya(1).pdf,PDF,2025-05-26 16:25:08+00:00,2025-05-26 16:25:07+00:00,Said,,,0.2050990996471605,1,0.0
./Muhammed Halid Yahya.pdf,PDF,2025-05-27 09:50:36+00:00,2025-05-27 09:50:36+00:00,Said,,,0.2033134830143078,1,0.4758372298251601
./Muhammed Meter Khamıs.pdf,PDF,2025-05-25 14:17:24+00:00,2025-05-25 14:17:23+00:00,Said,,,0.19720054134313075,1,2.1048348418426177
./Muhammed NECCAR  2101050031 (1).docx,DOCX,2025-05-18 17:28:00+00:00,2025-05-18 18:11:00+00:00,,,,0.04270546419063015,1,43.275211607668304
./muhammed neccar.pdf,PDF,2025-05-25 12:56:08+00:00,2025-05-25 12:56:08+00:00,Said,,,0.19720054134313075,1,2.1048348418426177
./MUHAMMED NECCAR_2101050031.pdf,PDF,2021-11-07 15:34:48+00:00,2021-11-07 15:34:48+00:00,mosab alzab,,,0.015964659369663736,1,50.401192770251754
./Muhammed İbrahim Abdulrahim(1).pdf,PDF,2025-05-26 16:19:58+00:00,2025-05-26 16:19:58+00:00,Said,,,0.2050990996471605,1,0.0
./Muhammed İbrahim Abdulrahim.pdf,PDF,2025-05-27 09:46:26+00:00,2025-05-27 09:46:25+00:00,Said,,,0.2033134830143078,1,0.4758372298251601
./muhammedneccar_2101050031 - نسخ .docx,DOCX,2021-12-23 10:26:00+00:00,2021-12-23 10:33:00+00:00,,,,0.048891078862152715,1,41.6268478458675
./Mustafa Subhi Elcuma (1).pdf,PDF,2025-05-26 19:38:49+00:00,2025-05-26 19:38:48+00:00,Said,,,0.2050990996471605,1,0.0
./Mustafa Subhi Elcuma (2).pdf,PDF,2025-05-26 19:39:03+00:00,2025-05-26 19:39:02+00:00,Said,,,0.2050990996471605,1,0.0
./Mustafa Subhi Elcuma(1).pdf,PDF,2025-05-26 19:24:43+00:00,2025-05-26 19:24:42+00:00,Said,,,0.2050990996471605,1,0.0
./Mustafa Subhi Elcuma.pdf,PDF,2025-05-27 09:51:03+00:00,2025-05-27 09:51:02+00:00,Said,,,0.2033134830143078,1,0.4758372298251601
./Namik-Kemal-Universitesi-formu.pdf,PDF,2021-06-28 13:14:05+00:00,2021-06-28 13:14:05+00:00,trakya_ogr_haticeyuksel,,,0.048126293219081795,1,41.83065054075365
./neccar trakya.pdf,PDF,,,CamScanner,,,0.2000254666616469,1,1.3520390774583002
./Noor-Book.com  كيف تبرمج مترجما فهم برمجة الكوم.pdf,PDF,2010-02-28 18:59:40+00:00,2010-02-28 18:59:40+00:00,Bilo,,,-0.11407542896219303,-1,85.05472044219896
./nor trakya.pdf,PDF,,,CamScanner,,,0.2000254666616469,1,1.3520390774583002
./null (1).pdf,PDF,2020-10-08 19:32:24+00:00,2020-10-08 19:32:24+00:00,,,,0.03970607566281159,1,44.074498924994884
./null (2).pdf,PDF,2020-10-08 19:34:43+00:00,2020-10-08 19:34:43+00:00,,,,0.03970607566281159,1,44.074498924994884
./null (3).pdf,PDF,2020-10-08 19:33:25+00:00,2020-10-08 19:33:25+00:00,,,,0.03970607566281159,1,44.074498924994884
./null (4).pdf,PDF,2020-10-24 17:57:16+00:00,2020-10-24 17:57:16+00:00,,,,0.049763269357281925,1,41.39442353851823
./null (5).pdf,PDF,2020-11-02 13:10:18+00:00,2020-11-02 13:10:18+00:00,,,,-0.029770854429552518,-1,62.58894897191838
./null.pdf,PDF,2020-10-08 19:34:11+00:00,2020-10-08 19:34:11+00:00,,,,0.03970607566281159,1,44.074498924994884
./Odev1-020523.pdf,PDF,2023-05-02 07:01:36+00:00,2023-05-02 07:01:36+00:00,Gültekin IŞIK,,,-0.025455851308642363,-1,61.43907217643818
./office-household-objects-collection-vector.jpg,JPEG,,,,,,0.18685010071407726,1,4.863055674793893
./olasilik_ve_istatistik_dersi_final_sinavi-2023_.pdf,PDF,2023-06-20 22:33:07+00:00,2023-06-20 22:33:07+00:00,,,,0.14373452504692658,1,16.352641798886967
./olasılık_final.pdf,PDF,,,CamScanner,,,0.2000254666616469,1,1.3520390774583002
./olasılık_final_çözüm.pdf,PDF,,2023-02-05 00:22:18+00:00,CamScanner,,,0.04245197067817563,1,43.34276342619741
./pdf1.pdf,PDF,2021-11-08 11:30:12+00:00,2021-11-08 11:30:12+00:00,Hp,,,0.022313951668517795,1,48.709211634295244
./pdff2.pdf,PDF,2021-11-08 11:41:38+00:00,2021-11-08 11:41:38+00:00,Hp,,,0.022313951668517795,1,48.709211634295244
./photo_6024074645394803231_y (1).jpg,JPEG,,,,,,0.18685010071407726,1,4.863055674793893
./photo_6024074645394803231_y (2).jpg,JPEG,,,,,,0.18685010071407726,1,4.863055674793893
./photo_6024074645394803231_y.jpg,JPEG,,,,,,0.18685010071407726,1,4.863055674793893
./proje hazırlama 1.pdf,PDF,2015-03-31 13:19:48+00:00,2015-03-31 13:19:48+00:00,yukamuk,,,-0.10880315057619772,-1,83.64974565875335
./proje hazırlama.pdf,PDF,2023-11-15 17:06:03+00:00,2023-11-15 17:06:03+00:00,,,,0.0835269422857452,1,32.39696445384575
./proje nebilll.pdf,PDF,2025-01-13 20:27:43+00:00,2025-01-13 20:27:44+00:00,python-docx,,,0.003964792249429694,1,53.59895841809967
./proje-Temel-Kavramlar-.pdf,PDF,2023-11-15 17:13:16+00:00,2023-11-15 17:13:16+00:00,,,,0.0835269422857452,1,32.39696445384575
./quiz.pdf,PDF,2024-11-21 17:49:58+00:00,2024-11-21 17:49:58+00:00,,,,0.10051851278889234,1,27.868992609363353
./Rama Halid Hallak.pdf,PDF,2025-05-25 15:47:15+00:00,2025-05-25 15:47:14+00:00,Said,,,0.19720054134313075,1,2.1048348418426177
./Rama Khaled Hallak(1).pdf,PDF,2025-05-26 19:39:32+00:00,2025-05-26 19:39:31+00:00,Said,,,0.2050990996471605,1,0.0
./Rama Khaled Hallak.pdf,PDF,2025-05-27 09:40:56+00:00,2025-05-27 09:40:55+00:00,Said,,,0.2033134830143078,1,0.4758372298251601
./reactnative.docx,DOCX,2020-06-04 19:22:00+00:00,2024-09-26 07:37:00+00:00,,,,-0.03382341783859644,-1,63.66888993504076
./Reem Muhammed Dehni.pdf,PDF,2025-05-25 13:00:40+00:00,2025-05-25 13:00:39+00:00,Said,,,0.19720054134313075,1,2.1048348418426177
./Report.pdf,PDF,2021-07-12 21:19:24+00:00,2021-07-12 21:19:24+00:00,,,,0.027540034449586193,1,47.31654721370923
./Rim Abdulbasit Süleyman(1).pdf,PDF,2025-05-27 08:46:25+00:00,2025-05-27 08:46:25+00:00,Said,,,0.2033134830143078,1,0.4758372298251601
./Rim Abdulbasit Süleyman.pdf,PDF,2025-05-27 09:49:12+00:00,2025-05-27 09:49:11+00:00,Said,,,0.2033134830143078,1,0.4758372298251601
./Rim Muhammed Dehni(1).pdf,PDF,2025-05-27 09:35:02+00:00,2025-05-27 09:35:02+00:00,Said,,,0.2033134830143078,1,0.4758372298251601
./Rim Muhammed Dehni(2).pdf,PDF,2025-05-26 19:40:32+00:00,2025-05-26 19:40:32+00:00,Said,,,0.2050990996471605,1,0.0
./Rim Muhammed Dehni.pdf,PDF,2025-05-28 00:14:01+00:00,2025-05-28 00:14:00+00:00,محمد نجار,,,0.15630736090269737,1,13.002189481975801
./rosen_discrete_mathematics_and_its_applications.pdf,PDF,2011-12-28 05:27:43+00:00,2012-01-04 07:38:44+00:00,,,,-0.14088910047749026,-1,92.20011937080169
./Safa Abdulbari İbrahim .pdf,PDF,2025-05-27 09:37:11+00:00,2025-05-27 09:37:10+00:00,Said,,,0.2033134830143078,1,0.4758372298251601
./Safa Abdulbari İbrahim(1).pdf,PDF,2025-05-25 13:03:08+00:00,2025-05-25 13:03:07+00:00,Said,,,0.19720054134313075,1,2.1048348418426177
./Safa Abdulbari İbrahim.pdf,PDF,2025-05-27 09:36:31+00:00,2025-05-27 09:36:30+00:00,Said,,,0.2033134830143078,1,0.4758372298251601
./Said Muhammed Abbas (1).pdf,PDF,2025-05-25 16:07:01+00:00,2025-05-25 16:07:01+00:00,Said,,,0.19720054134313075,1,2.1048348418426177
./Said Muhammed Abbas (2).pdf,PDF,2025-05-25 16:07:01+00:00,2025-05-25 16:07:01+00:00,Said,,,0.19720054134313075,1,2.1048348418426177
./Said Muhammed Abbas (3).pdf,PDF,2025-05-25 16:07:01+00:00,2025-05-25 16:07:01+00:00,Said,,,0.19720054134313075,1,2.1048348418426177
./Said Muhammed Abbas.pdf,PDF,2025-05-25 16:07:01+00:00,2025-05-25 16:07:01+00:00,Said,,,0.19720054134313075,1,2.1048348418426177
./Salh Abdalhamed Aljasim(1).pdf,PDF,2025-05-27 09:48:02+00:00,2025-05-27 09:48:01+00:00,Said,,,0.2033134830143078,1,0.4758372298251601
./Salh Abdalhamed Aljasim(2).pdf,PDF,2025-05-26 19:37:35+00:00,2025-05-26 19:37:34+00:00,Said,,,0.2050990996471605,1,0.0
./SALH ABDALHAMED ALJASIM.pdf,PDF,2025-05-28 00:38:15+00:00,2025-05-28 00:38:14+00:00,محمد نجار,,,0.15630736090269737,1,13.002189481975801
./Salih Ali Aljasım.pdf,PDF,2025-05-25 14:05:52+00:00,2025-05-25 14:05:51+00:00,Said,,,0.19720054134313075,1,2.1048348418426177
./Salıh Abdulhamit Aljasım.pdf,PDF,2025-05-25 15:45:52+00:00,2025-05-25 15:45:51+00:00,Said,,,0.19720054134313075,1,2.1048348418426177
./Samira Arif Selim(1).pdf,PDF,2025-05-27 08:43:32+00:00,2025-05-27 08:43:31+00:00,Said,,,0.2033134830143078,1,0.4758372298251601
./Samira Arif Selim.pdf,PDF,2025-05-27 09:38:48+00:00,2025-05-27 09:38:47+00:00,Said,,,0.2033134830143078,1,0.4758372298251601
./Samira Selim .pdf,PDF,2025-05-25 16:12:44+00:00,2025-05-25 16:12:43+00:00,Said,,,0.19720054134313075,1,2.1048348418426177
./sayısal tasarım .pdf,PDF,,,CamScanner,,,0.2000254666616469,1,1.3520390774583002
./sayısal tasarım.pdf,PDF,2006-04-01 23:43:16+00:00,2006-04-01 23:43:16+00:00,,,,-0.17015876605384606,-1,100.0
./Scan 08 Oca 24 21·57·17.pdf,PDF,,,,,,0.18685010071407726,1,4.863055674793893
./Screenshot_٢٠٢١٠٦٢٦-٢٢٠٦٢٢_Drive.jpg,JPEG,,,,,,0.18685010071407726,1,4.863055674793893
./sevilozkinali@hititedutr080420195U2G4Q5S (1).pdf,PDF,2019-04-08 09:49:45+00:00,2019-04-08 09:49:45+00:00,sevil,,,-0.019023753362002904,-1,59.725024708139586
./sevilozkinali@hititedutr080420195U2G4Q5S.pdf,PDF,2019-04-08 09:49:45+00:00,2019-04-08 09:49:45+00:00,sevil,,,-0.019023753362002904,-1,59.725024708139586
./Sibe Münzir Neccar (1).pdf,PDF,2025-05-25 15:53:54+00:00,2025-05-25 15:53:53+00:00,Said,,,0.19720054134313075,1,2.1048348418426177
./Sibe Münzir Neccar(1).pdf,PDF,2025-05-25 15:52:00+00:00,2025-05-25 15:51:59+00:00,Said,,,0.19720054134313075,1,2.1048348418426177
./Sibe Münzir Neccar.pdf,PDF,2025-05-27 09:41:20+00:00,2025-05-27 09:41:19+00:00,Said,,,0.2033134830143078,1,0.4758372298251601
./Siber Güvenlik Ödev 1 (2).pdf,PDF,2024-11-08 20:13:45+00:00,2024-11-08 20:13:45+00:00,,,,0.05617162653986085,1,39.686702590255706
./Siber Güvenlik Ödev 2.pdf,PDF,2024-12-25 20:33:43+00:00,2024-12-25 20:33:43+00:00,,,,0.0772958980752701,1,34.05743443462419
./SiberGüvenliği_odev1_çözümü.pdf,PDF,2024-11-14 15:08:15+00:00,2024-11-14 15:08:15+00:00,,,,0.09114099535041553,1,30.367945541624742
./sinyaller1.ödev _çözüm(1).pdf,PDF,,,CamScanner,,,0.2000254666616469,1,1.3520390774583002
./sistem2 (1).pdf,PDF,,,CamScanner,,,0.2000254666616469,1,1.3520390774583002
./sistem_prog.pdf,PDF,2023-12-18 06:37:39+00:00,2023-12-18 06:37:39+00:00,ishak paçal,,,0.048276270385960274,1,41.79068411217571
./Siyah ve Beyaz Sade Zarif Stilde Teşekkür Mektu(1).pdf,PDF,2025-05-27 08:20:36+00:00,2025-05-27 08:20:36+00:00,محمد نجار,,,0.2033134830143078,1,0.4758372298251601
./Siyah ve Beyaz Sade Zarif Stilde Teşekkür Mektu(2).pdf,PDF,2025-05-27 08:45:45+00:00,2025-05-27 08:45:44+00:00,محمد نجار,,,0.2033134830143078,1,0.4758372298251601
./Siyah ve Beyaz Sade Zarif Stilde Teşekkür Mektu(3).pdf,PDF,2025-05-27 08:20:36+00:00,2025-05-27 08:20:36+00:00,محمد نجار,,,0.2033134830143078,1,0.4758372298251601
./Siyah ve Beyaz Sade Zarif Stilde Teşekkür Mektu(4).pdf,PDF,2025-05-27 08:08:53+00:00,2025-05-27 08:08:52+00:00,محمد نجار,,,0.2033134830143078,1,0.4758372298251601
./Siyah ve Beyaz Sade Zarif Stilde Teşekkür Mektu.pdf,PDF,2025-05-27 08:20:36+00:00,2025-05-27 08:20:36+00:00,محمد نجار,,,0.2033134830143078,1,0.4758372298251601
./smokeData_ModelTable.docx,DOCX,2024-05-19 23:11:00+00:00,2024-05-19 23:11:00+00:00,,,,0.09932921053309468,1,28.185921943696147
./staj formu.docx,DOCX,2024-05-26 21:29:00+00:00,2024-05-26 21:29:00+00:00,,,,0.0757964410652831,1,34.457014869050504
./staj1.1.docx,DOCX,2024-10-17 06:36:00+00:00,2024-10-17 17:11:00+00:00,,,,0.10645918429499152,1,26.285902140359696
./staj1.1.pdf,PDF,2024-10-17 17:12:15+00:00,2024-10-17 17:12:15+00:00,OZAN AKHAN;ozan_,,,0.06344144821550868,1,37.74941563637205
./staj2.1.docx,DOCX,2024-10-17 16:45:00+00:00,2024-10-17 17:01:00+00:00,,,,0.10645918429499152,1,26.285902140359696
./staj2.1.pdf,PDF,2024-10-17 17:02:33+00:00,2024-10-17 17:02:33+00:00,OZAN AKHAN;ozan_,,,0.06344144821550868,1,37.74941563637205
./stajDefteriOrnek.pdf,PDF,2024-03-18 07:34:24+00:00,2024-03-18 07:35:27+00:00,,,,0.04674225185659053,1,42.19947461853968
./Sunger_Uretim_Projesi_Updated_Financial_Analys.docx,DOCX,2025-01-12 23:04:00+00:00,2025-01-12 23:05:00+00:00,,,,0.003185592102960988,1,53.80660233917061
./sunu- 10 python.pdf,PDF,2023-01-18 18:54:48+00:00,2023-01-18 18:54:48+00:00,muham,,,0.11545834000219612,1,23.887776336815612
./sunu- 11 python.pdf,PDF,2023-01-18 18:56:38+00:00,2023-01-18 18:56:38+00:00,muham,,,0.11545834000219612,1,23.887776336815612
./sunu- 12 python.pdf,PDF,2023-01-18 18:57:06+00:00,2023-01-18 18:57:06+00:00,muham,,,0.11545834000219612,1,23.887776336815612
./sunu- 13 python.pdf,PDF,2023-01-18 18:57:49+00:00,2023-01-18 18:57:49+00:00,muham,,,0.11545834000219612,1,23.887776336815612
./sunu- 6 python.pdf,PDF,2023-01-18 18:50:14+00:00,2023-01-18 18:50:14+00:00,muham,,,0.11545834000219612,1,23.887776336815612
./sunu- 7 python.pdf,PDF,2023-01-18 18:53:40+00:00,2023-01-25 22:22:33+00:00,muham,,,0.05972738543475087,1,38.73915179388595
./sunu- 8 python.pdf,PDF,2023-01-18 18:54:11+00:00,2023-01-18 18:54:11+00:00,muham,,,0.11545834000219612,1,23.887776336815612
./sunu- 9 python.pdf,PDF,2023-01-18 18:54:26+00:00,2023-01-18 18:54:26+00:00,muham,,,0.11545834000219612,1,23.887776336815612
./sunu-1 python.pdf,PDF,2023-01-18 18:46:52+00:00,2023-01-18 18:46:52+00:00,muham,,,0.11545834000219612,1,23.887776336815612
./sunu-2 python.pdf,PDF,2023-01-18 18:47:18+00:00,2023-01-18 18:47:18+00:00,muham,,,0.11545834000219612,1,23.887776336815612
./sunu-3 python.pdf,PDF,2023-01-18 18:47:41+00:00,2023-01-18 18:47:41+00:00,muham,,,0.11545834000219612,1,23.887776336815612
./sunu-4 python.pdf,PDF,2023-01-18 18:48:13+00:00,2023-01-18 18:48:13+00:00,muham,,,0.11545834000219612,1,23.887776336815612
./sunu-5 python.pdf,PDF,2023-01-18 18:48:53+00:00,2023-01-18 18:48:53+00:00,muham,,,0.11545834000219612,1,23.887776336815612
./SİBER_GÜVENLİĞİ.pdf,PDF,2024-12-28 18:35:38+00:00,2024-12-28 18:35:38+00:00,,,,0.05725135415142946,1,39.39897308202765
./Taha elhıdır 1901050008.docx,DOCX,2024-11-23 17:54:00+00:00,2024-11-23 18:15:00+00:00,,,,0.08624071753635515,1,31.67378833985799
./tdc-odev-2.pdf,PDF,2023-05-31 09:04:53+00:00,2023-05-31 09:04:53+00:00,Fesih KESKİN,,,0.020933665271299695,1,49.077035076087625
./tekirdağ.pdf,PDF,,,CamScanner,,,0.2000254666616469,1,1.3520390774583002
./tekirdağ_2_نيفشهير.pdf,PDF,,,CamScanner,,,0.2000254666616469,1,1.3520390774583002
./Tesnim Adnan Alkayem (1).pdf,PDF,2025-05-26 19:34:27+00:00,2025-05-26 19:34:26+00:00,Said,,,0.2050990996471605,1,0.0
./Tesnim Adnan Alkayem.pdf,PDF,2025-05-26 19:31:29+00:00,2025-05-26 19:31:29+00:00,Said,,,0.2050990996471605,1,0.0
./Tesnim Adnan Kayem .pdf,PDF,2025-05-25 13:59:25+00:00,2025-05-25 13:59:25+00:00,Said,,,0.19720054134313075,1,2.1048348418426177
./Tesnim Adnan Kaym(1).pdf,PDF,2025-05-26 19:51:02+00:00,2025-05-26 19:51:01+00:00,Said,,,0.2050990996471605,1,0.0
./Tesnim Adnan Kaym(2).pdf,PDF,2025-05-26 19:51:02+00:00,2025-05-26 19:51:01+00:00,Said,,,0.2050990996471605,1,0.0
./Tesnim Adnan Kaym.pdf,PDF,2025-05-27 09:39:14+00:00,2025-05-27 09:39:14+00:00,Said,,,0.2033134830143078,1,0.4758372298251601
./teststaj.docx,DOCX,2024-10-16 23:27:00+00:00,2024-10-16 23:27:00+00:00,,,,0.10431218377623425,1,26.858042184578757
./tevsiye.pdf.pdf,PDF,,,CamScanner,,,0.2000254666616469,1,1.3520390774583002
./tevsiye1.pdf.pdf,PDF,,,CamScanner,,,0.2000254666616469,1,1.3520390774583002
./Tevsiye4.pdf,PDF,,,CamScanner,,,0.2000254666616469,1,1.3520390774583002
./TRAKYA(1).pdf,PDF,,,CamScanner,,,0.2000254666616469,1,1.3520390774583002
./trakya.pdf,PDF,,,CamScanner,,,0.2000254666616469,1,1.3520390774583002
./Transkript - Senaryo.PDF,PDF,2022-10-12 08:59:20+00:00,2022-10-12 08:59:20+00:00,,,,0.06775569545584759,1,36.59974027053272
./transkript.pdf.pdf,PDF,,,CamScanner,,,0.2000254666616469,1,1.3520390774583002
./transkripthamvi.pdf,PDF,,,CamScanner,,,0.2000254666616469,1,1.3520390774583002
./transkriptkashfa.pdf,PDF,,,CamScanner,,,0.2000254666616469,1,1.3520390774583002
./transkriptmmmm.pdf,PDF,,,CamScanner,,,0.2000254666616469,1,1.3520390774583002
./Usama Adib İbrik.pdf,PDF,2025-05-27 09:32:24+00:00,2025-05-27 09:32:23+00:00,Said,,,0.2033134830143078,1,0.4758372298251601
./usama ibrik .pdf,PDF,2025-05-25 12:56:57+00:00,2025-05-25 12:56:56+00:00,Said,,,0.19720054134313075,1,2.1048348418426177
./uygulamapython.docx,DOCX,2023-01-11 05:31:00+00:00,2023-01-11 05:39:00+00:00,,,,0.008991425011749099,1,52.25944412092982
./veri tabanı yönetim sistemleri 1.en.tr.pdf,PDF,2024-05-08 07:27:26+00:00,2024-05-08 07:27:26+00:00,Andy Pavlo,,,0.04213611777876758,1,43.42693298752507
./veri tabanı yönetim sistemleri 1.pdf,PDF,2024-05-08 07:27:26+00:00,2024-05-08 07:27:26+00:00,Andy Pavlo,,,0.04213611777876758,1,43.42693298752507
./veri tabanı yönetim sistemleri 2.pdf,PDF,2024-05-08 07:28:27+00:00,2024-05-08 07:28:27+00:00,Andy Pavlo,,,0.04213611777876758,1,43.42693298752507
./Veri_Tabanı_Yönetim_Sistemleri.pdf,PDF,2024-05-05 20:42:32+00:00,2024-05-05 20:42:32+00:00,,,,0.020353332411714442,1,49.23168416212375
./VERI_YAPILARI.pdf,PDF,2017-11-05 21:24:43+00:00,2017-11-05 21:24:43+00:00,,,,-0.027459727486015217,-1,61.973071956463976
./veri_yapilari_final_sinavi_sorulari.pdf,PDF,2023-06-21 10:48:48+00:00,,,,,0.17107540342886296,1,9.066750980619421
./veryapılar_odev3.pdf,PDF,,,CamScanner,,,0.2000254666616469,1,1.3520390774583002
./VERİ YAPILARI ÖDEVİ- HAYRUNNİSA KESKİN (1).docx,DOCX,,,,,,0.18685010071407726,1,4.863055674793893
./VERİ YAPILARI ÖDEVİ- HAYRUNNİSA KESKİN.docx,DOCX,,,,,,0.18685010071407726,1,4.863055674793893
./VERİ YAPILARI_luaay(1).docx,DOCX,,,,,,0.18685010071407726,1,4.863055674793893
./VERİ YAPILARI_luaay(2).docx,DOCX,,,,,,0.18685010071407726,1,4.863055674793893
./vizesonuclari (1).pdf,PDF,2023-01-16 11:24:38+00:00,2023-01-16 11:24:38+00:00,SEDA,,,0.07792270803128398,1,33.89039997290999
./vizesonuclari (2).pdf,PDF,2023-01-16 11:24:38+00:00,2023-01-16 11:24:38+00:00,SEDA,,,0.07792270803128398,1,33.89039997290999
./vizesonuclari.pdf,PDF,2023-01-16 11:24:38+00:00,2023-01-16 11:24:38+00:00,SEDA,,,0.07792270803128398,1,33.89039997290999
./vize_çözüm.pdf,PDF,,,CamScanner,,,0.2000254666616469,1,1.3520390774583002
./VY_Odev3.docx,DOCX,2022-04-17 13:15:00+00:00,2024-05-09 09:48:00+00:00,,,,0.05839382567760798,1,39.09452336075551
./VY_Vize_Ödevi_May08.pdf,PDF,2023-05-08 13:34:03+00:00,,,,,0.05850704827466002,1,39.06435141570099
./Week2-(New)An Introduction to Computer Science.pdf,PDF,2021-10-13 21:45:33+00:00,2021-10-13 21:45:33+00:00,tugba,,,0.034087388305166444,1,45.571785956446995
./Week3_4-Algorithm Discovery and Design.pdf,PDF,2018-10-28 16:22:40+00:00,2021-11-06 21:00:36+00:00,tugba,,,-0.012156203285106137,-1,57.89493646626682
./Week5-Binary-Von Neumann_edited.en.ar.pdf,PDF,2018-11-13 11:33:36+00:00,2019-12-02 23:34:02+00:00,bjkbauer,,,0.0005335369771274356,1,54.51333106313203
./Week5-Binary-Von Neumann_edited.en.tr.pdf,PDF,2018-11-13 11:33:36+00:00,2019-12-02 23:34:02+00:00,bjkbauer,,,0.0005335369771274356,1,54.51333106313203
./Week5-Binary-Von Neumann_edited.pdf,PDF,2018-11-13 11:33:36+00:00,2019-12-02 23:34:02+00:00,bjkbauer,,,0.0005335369771274356,1,54.51333106313203
./WhatsApp Image 2025-01-08 at 8.59.49 PM.jpg,JPEG,,,,,,0.18685010071407726,1,4.863055674793893
./Yazan Nedim Elahmed.pdf,PDF,2025-05-25 12:59:06+00:00,2025-05-25 12:59:05+00:00,Said,,,0.19720054134313075,1,2.1048348418426177
./Yazen Nedim Elahmed(1).pdf,PDF,2025-05-26 19:49:26+00:00,2025-05-26 19:49:25+00:00,Said,,,0.2050990996471605,1,0.0
./Yazen Nedim Elahmed.pdf,PDF,2025-05-27 09:33:41+00:00,2025-05-27 09:33:41+00:00,Said,,,0.2033134830143078,1,0.4758372298251601
./YAZILIM MÜHENDİSLİĞİ ETİĞİ SINAV SORULARI.docx,DOCX,2025-01-13 00:47:00+00:00,2025-01-13 01:17:00+00:00,,,,0.0003248224043833625,1,54.56895003659557
./Yousef  Redwan  Selamat.pdf,PDF,2025-05-25 13:58:05+00:00,2025-05-25 13:58:05+00:00,Said,,,0.19720054134313075,1,2.1048348418426177
./Yousef Redwan Al Slamat (1).pdf,PDF,2025-05-26 19:41:39+00:00,2025-05-26 19:41:38+00:00,Said,,,0.2050990996471605,1,0.0
./Yousef Redwan Al slamat(1).pdf,PDF,2025-05-26 19:27:48+00:00,2025-05-26 19:27:47+00:00,Said,,,0.2050990996471605,1,0.0
./Yousef Redwan Al Slamat.pdf,PDF,2025-05-27 09:39:48+00:00,2025-05-27 09:39:48+00:00,Said,,,0.2033134830143078,1,0.4758372298251601
./YZetiğiVeGetidiğiSonuçlar.pdf,PDF,2025-01-06 01:28:47+00:00,2025-01-06 01:28:47+00:00,Allppt.com;Googleslidesppt.com,,,-0.027948537968046194,-1,62.10333184618483
./Zehra Selim Haj Ahmed(1).pdf,PDF,2025-05-25 16:05:34+00:00,2025-05-25 16:05:33+00:00,Said,,,0.19720054134313075,1,2.1048348418426177
./Zehra Selim Haj Ahmed(2).pdf,PDF,2025-05-25 15:56:03+00:00,2025-05-25 15:56:03+00:00,Said,,,0.19720054134313075,1,2.1048348418426177
./Zehra Selim Haj Ahmed.pdf,PDF,2025-05-27 09:42:42+00:00,2025-05-27 09:42:42+00:00,Said,,,0.2033134830143078,1,0.4758372298251601
./ZEHRA ÇİFÇİ YAZILIM MÜHENDİSLİĞİ ETİĞİ SINAV S.docx,DOCX,2025-01-09 19:10:00+00:00,2025-01-09 19:54:00+00:00,,,,-0.009542196050463803,-1,57.19834687453124
./_tubitak-2209-ogrenci-projesi-ornek-siirt-20226.pdf,PDF,2024-01-04 17:40:46+00:00,2024-01-04 17:40:46+00:00,zeynep.durmusoglu,,,-0.030181644116250905,-1,62.698417613150205
./_الكورس_1_أساسيات_مهمة_لكل_مبرمج_1.pdf,PDF,2022-12-03 15:30:51+00:00,2022-12-03 15:30:51+00:00,سليمان عمرون,,,0.010420524633895312,1,51.87861276394372
./_الكورس_2_الخوارزميات_المستوى_الأول.pdf,PDF,2022-12-03 15:31:45+00:00,2022-12-03 15:31:45+00:00,سليمان عمرون,,,0.010420524633895312,1,51.87861276394372
./_الكورس_4_حلول_سلسلة_الخوارزميات_المستوى_الأول.pdf,PDF,2022-12-03 15:34:54+00:00,2022-12-03 15:34:54+00:00,سليمان عمرون,,,0.010420524633895312,1,51.87861276394372
./~$Algoritmik Önyargılar ve Sağlık-Teknolojidek.pptx,Bilinmeyen,,,,,,0.18685010071407726,1,4.863055674793893
./~$Belgeler2024_dosyalar(1).xlsx,Bilinmeyen,,,,,,0.18685010071407726,1,4.863055674793893
./~$Belgeler2024_dosyalar.xlsx,Bilinmeyen,,,,,,0.18685010071407726,1,4.863055674793893
./~$goritmalar_final_projesi.docx,Bilinmeyen,,,,,,0.18685010071407726,1,4.863055674793893
./~$SUNUCULAR(1).pptx,Bilinmeyen,,,,,,0.18685010071407726,1,4.863055674793893
./~$SUNUCULAR(2).pptx,Bilinmeyen,,,,,,0.18685010071407726,1,4.863055674793893
./~$SUNUCULAR(3).pptx,Bilinmeyen,,,,,,0.18685010071407726,1,4.863055674793893
./~$SUNUCULAR.pptx,Bilinmeyen,,,,,,0.18685010071407726,1,4.863055674793893
./~$مة التخرج.docx,Bilinmeyen,,,,,,0.18685010071407726,1,4.863055674793893
./~$مة التخرج1.docx,Bilinmeyen,,,,,,0.18685010071407726,1,4.863055674793893
./ödev2çözümü.pdf,PDF,2024-12-28 18:35:38+00:00,2024-12-28 18:35:38+00:00,,,,0.05725135415142946,1,39.39897308202765
./Ömer Ahmed Zevle(1).pdf,PDF,2025-05-27 10:18:32+00:00,2025-05-27 10:18:32+00:00,Said,,,0.2033134830143078,1,0.4758372298251601
./Ömer Ahmed Zevle(2).pdf,PDF,2025-05-26 19:08:55+00:00,2025-05-26 19:08:54+00:00,Said,,,0.2050990996471605,1,0.0
./Ömer Ahmed Zevle(3).pdf,PDF,2025-05-26 18:35:00+00:00,2025-05-26 18:34:59+00:00,Said,,,0.2050990996471605,1,0.0
./ÖMER AHMED ZEVLE.pdf,PDF,2025-05-28 00:44:07+00:00,2025-05-28 00:44:06+00:00,محمد نجار,,,0.15630736090269737,1,13.002189481975801
./Özet 1.pdf,PDF,,,,,,0.18685010071407726,1,4.863055674793893
./Özet 2.pdf,PDF,,,,,,0.18685010071407726,1,4.863055674793893
./Özet 3.pdf,PDF,,,,,,0.18685010071407726,1,4.863055674793893
./Özet 4.pdf,PDF,,,,,,0.18685010071407726,1,4.863055674793893
./İNSAN HAKLARI VE YAPAY ZEKA.pdf,PDF,2025-01-09 19:00:54+00:00,,,,,-0.00854184124349111,-1,56.931768902846635
./İslam Abdüllah Alakoub.pdf,PDF,2025-05-25 16:06:17+00:00,2025-05-25 16:06:16+00:00,Said,,,0.19720054134313075,1,2.1048348418426177
./أحمد طه كملك ٢.pdf,PDF,,,CamScanner,,,0.2000254666616469,1,1.3520390774583002
./أحمد طه كملك.pdf,PDF,,,CamScanner,,,0.2000254666616469,1,1.3520390774583002
./أهمية التصميم المرتكز على الإنسان (3).pptx,PPTX,2006-08-16 00:00:00+00:00,2024-05-23 09:45:36+00:00,,,,-0.04328760904787776,-1,66.19093999030119
./احمد طه كملك.pdf,PDF,,,CamScanner,,,0.2000254666616469,1,1.3520390774583002
./اسس-بناء-المترجمات.pdf,PDF,2018-02-05 11:17:58+00:00,2018-02-05 17:54:11+00:00,dema,,,-0.056166209988588234,-1,69.62287363322494
./الخبرة المهنية.pdf,PDF,2023-06-05 17:24:40+00:00,2023-06-05 17:24:39+00:00,محمد نجار,,,0.01222577142009762,1,51.397544423689226
./جمل وعبارات من محادثات فى الافلام الانجليزية مت.pdf,PDF,,,,,,0.18685010071407726,1,4.863055674793893
./خديجة عبدالباسط ميرزا (1).pdf,PDF,2025-05-27 22:03:20+00:00,2025-05-27 22:03:19+00:00,Said,,,0.2033134830143078,1,0.4758372298251601
./خديجة عبدالباسط ميرزا.pdf,PDF,2025-05-27 21:53:16+00:00,2025-05-27 21:53:15+00:00,Said,,,0.2033134830143078,1,0.4758372298251601
./دليلك الشامل لاختبار اللابتوب.pdf,Bilinmeyen,,,,,,0.18685010071407726,1,4.863055674793893
./زهراء سليم الحاج احمد.pdf,PDF,2025-05-27 22:14:26+00:00,2025-05-27 22:14:25+00:00,محمد نجار,,,0.2033134830143078,1,0.4758372298251601
./زهراء.pdf,PDF,2025-05-27 21:46:06+00:00,2025-05-27 21:46:05+00:00,Said,,,0.2033134830143078,1,0.4758372298251601
./سَـعيد مُحمد عبّـاس.pdf,PDF,2025-05-27 22:50:25+00:00,2025-05-27 22:50:24+00:00,محمد نجار,,,0.2033134830143078,1,0.4758372298251601
./شهادة غدير.pdf,PDF,,,CamScanner,,,0.2000254666616469,1,1.3520390774583002
./شهادة نور.pdf,PDF,,,CamScanner,,,0.2000254666616469,1,1.3520390774583002
./صورة شخصية (2).pdf,PDF,,,CamScanner,,,0.2000254666616469,1,1.3520390774583002
./صورة شخصية.pdf,PDF,,,CamScanner,,,0.2000254666616469,1,1.3520390774583002
./صورتي.jpg,JPEG,,,,,,0.18685010071407726,1,4.863055674793893
./غدير تكيرداغ.pdf,PDF,,,CamScanner,,,0.2000254666616469,1,1.3520390774583002
./كشف علامات غدير.pdf,PDF,,,CamScanner,,,0.2000254666616469,1,1.3520390774583002
./كملك غدير.pdf,PDF,,,CamScanner,,,0.2000254666616469,1,1.3520390774583002
./لك ايييييييييييي.docx,DOCX,2024-12-29 22:59:07+00:00,2024-12-29 22:59:07+00:00,,,,0.029411251097777535,1,46.81789899891543
./لك ايييييييييييي.pdf,PDF,2024-12-28 16:02:43+00:00,2024-12-28 16:02:43+00:00,Hassan Velyo,,,0.013312564890684775,1,51.107931981174005
./لك ايييييييييييي.pptx,PPTX,2024-12-28 14:43:29+00:00,2024-12-28 16:02:30+00:00,,,,0.05725135415142946,1,39.39897308202765
./محمد تكيرداغ.pdf,PDF,,,CamScanner,,,0.2000254666616469,1,1.3520390774583002
./ممو_زين_قصة_حب_أحمد_الخاني_نقلها (1).pdf,PDF,2007-11-06 00:27:56+00:00,2007-11-05 22:35:45+00:00,,,,-0.1181121403329205,-1,86.13043709991288
./منشور Instagram انيق لدعوة حفل تخرج (1).jpg,JPEG,,,محمد نجار,,,0.2000254666616469,1,1.3520390774583002
./منشور Instagram انيق لدعوة حفل تخرج.jpg,JPEG,,,محمد نجار,,,0.2000254666616469,1,1.3520390774583002
./ميزات التطبيق.docx,DOCX,2024-10-25 18:17:00+00:00,2024-10-25 19:03:00+00:00,,,,0.08641638596061063,1,31.626975617111363
./ميزات التطبيق.pdf,PDF,2024-10-25 18:55:52+00:00,2024-10-25 18:55:52+00:00,muham,,,0.05108564193608678,1,41.042033169209226
./مُحَمَّد خَالِد اليَحيَىٰ.pdf,PDF,2025-05-27 22:40:49+00:00,2025-05-27 22:40:48+00:00,Said,,,0.2033134830143078,1,0.4758372298251601
./نور transkript.pdf,PDF,,,CamScanner,,,0.2000254666616469,1,1.3520390774583002
./يزن نديم الأحمد.pdf,PDF,2025-05-27 22:32:15+00:00,2025-05-27 22:32:14+00:00,Said,,,0.2033134830143078,1,0.4758372298251601
./ييييييييي.docx,DOCX,2024-12-29 15:25:00+00:00,2024-12-29 15:25:00+00:00,,,,0.029411251097777535,1,46.81789899891543
./٢٠٢١٠٦٢٠_١٥٢٧١٨.jpg,JPEG,,,,,,0.18685010071407726,1,4.863055674793893
